{"cameraMode":{"drawMode":0,"name":"Shaded","section":"Shading Mode"},"sceneLighting":true,"audioPlay":false,"sceneViewState":{"m_AlwaysRefresh":false,"showFog":true,"showSkybox":true,"showFlares":true,"showImageEffects":true,"showParticleSystems":true,"showVisualEffectGraphs":true,"m_FxEnabled":true},"in2DMode":false,"pivot":{"x":0.21086406707763673,"y":8.033612251281739,"z":-28.76204490661621},"rotation":{"x":0.017397386953234674,"y":0.6205172538757324,"z":0.013771824538707734,"w":-0.7838780879974365},"size":20.901988983154298,"orthographic":false}